<?xml version="1.1" encoding="UTF-8"?>
<expression:EMFExpression xmi:version="2.0" xmlns:xmi="http://www.omg.org/XMI" xmlns:expression="http:///expression.ecore" id="tMap_6=>" expression="BigDecimal.valueOf(Integer.toUnsignedLong(row6.Year))">
  <variables name="row6.DvdId" value="0" talendType="id_Integer"/>
  <variables name="row6.Title" value="null" talendType="id_String"/>
  <variables name="row6.Year" value="0" talendType="id_Integer"/>
  <variables name="row6.Cost" value="0" talendType="id_Float"/>
  <variables name="row6.CategoryId" value="null" talendType="id_Integer" nullable="true"/>
  <variables name="row6.RentedOut" value="null" talendType="id_Character" nullable="true"/>
  <variables name="row6.Rating" value="null" talendType="id_String" nullable="true"/>
  <variables name="row6.ActionOnReturn" value="null" talendType="id_String" nullable="true"/>
  <variables name="BigDecimal.valueOf(row6.DvdId) " value="null" talendType="id_BigDecimal"/>
  <variables name="BigDecimal.valueOf(Integer.toUnsignedLong(Integer.parseInt(row6.Year))) " value="null" talendType="id_BigDecimal"/>
  <variables name="String.valueOf(row6.RentedOut) " value="null" talendType="id_String"/>
  <variables name="BigDecimal.valueOf(row6.CategoryId) " value="null" talendType="id_BigDecimal"/>
</expression:EMFExpression>
